topik,judul,konten_berita,author,tanggal,estimasi_kerugian,estimasi_korban,jumlah_warga,kecamatan,tag,link
MBG,"Viral MBG Dirapel hingga Seminggu Saat Libur Sekolah, BGN Buka Suara","Viral di media sosial X, banyak masyarakat yang melapor bahwa menu makan bergizi gratis (MBG) dari siswa dirapel. Variasi dari distribusi menu MBG ini beragam, ada yang tiga hari bahkan hingga seminggu.

""MENU MBG untuk 1 minggu. Lokasi Yogyakarta. Tulung nama saya d sensor min,"" tulis salah satu akun, dikutip detikcom Rabu (24/12/2025).

""Jatah MBG keponakan saya untuk seminggu. Masing2 dibagi 7 ya berarti? Penasaran ini konsep menu makan siangnya seperti apa ya hm bingung. Mohon pencerahan,"" tulis lainnya.

Kepala Badan Gizi Nasional (BGN) Dadan Hindayana mengatakan proses rapel atau bundling distribusi menu MBG selama libur sekolah ini memang sudah diatur dalam Surat Edaran Nomor 8 Tahun 2025.

""Pengiriman maksimal untuk 3 hari. Sesuai juknis ya (petunjuk teknis, red),"" kata Dadan singkat saat dihubungi detikcom, Sabtu (27/12/2025).

Ini sesuai dengan ketentuan dalam Surat Edaran Nomor 8 Tahun 2025 yang berbunyi sebagai berikut:

""Pada Cuti Bersama dan/atau Libur Sekolah, pendistribusian MBG dapat dilaksanakan sesuai rencana layanan wilayah, dengan mekanisme yang ditetapkan dalam Surat Edaran ini (pengantaran/pengambilan di SPPG), serta dapat menggunakan Paket Bundling paling banyak 3 (tiga) hari apabila diperlukan untuk efisiensi dan menjamin kesinambungan layanan,"" isi surat edaran tersebut yang diterima detikcom.","Devandra Abi Prasetyo, Detikhealth",2025-12-27 11:32:02,,,,,#menu #surat #edaran #hari #detikcom #sesuai #banyak,https://health.detik.com/berita-detikhealth/d-8279533/viral-mbg-dirapel-hingga-seminggu-saat-libur-sekolah-bgn-buka-suara
